Bo Abo Type Cd	Apo Region Nm	Market	Mkt Ctry Code	Bio/Pharma	Brand	Market DC Plant	Material Cd	Material Desc	MRP Controller	Product Availability Date	Expected Bo Start Dt	Expected Bo Avail Dtm	Peak ABO Date	Expected Backorder Units	Actual Bo Units	Actual Days In Bo	Atp Stock Qty	Expected Days In Bo	Expected Weeks In BO	Lowest DOH	Monthly Sales Forecast	Units in BO
BO	Middle East Africa	Dubai_RDC	AE	PHARMA	BARACLUDE	1754	1185703	BARACLUDE TAB 1.0MG (1BTLX30) GEM	F05	11/20/2025	10/13/2025	11/17/2025	11-07-2025		120	35	-120				50	120
ABO	Middle East Africa	Dubai_RDC	AE	PHARMA	BARACLUDE	1754	1185704	BARACLUDE TAB 0.5MG (1BTLX30) GEM	F05	12/19/2025	11-10-2025	12/22/2025	12/19/2025	383			187	42	6		0	
BO	Middle East Africa	Dubai_RDC	AE	PHARMA	SPRYCEL	1754	1299670	SPRYCEL TAB 50MG (1BTLX60) GEM	F06		10/13/2025	01-05-2026	11/14/2025		150	84	-150				0	150
BO	Middle East Africa	Dubai_RDC	AE	PHARMA	SPRYCEL	1754	1299671	SPRYCEL TAB 20MG (1BTLX60) GEM	F06		10/13/2025	12/15/2025	12/19/2025		15	63	-15					15
ABO	Middle East Africa	Dubai_RDC	AE	BIOLOGICS	ORENCIA	1754	1300364	ORENCIA LINJ 250MG (1VL) W/SYR GEM	F16		10/27/2025	11/24/2025	11/14/2025	555			65	28	4		0	
ABO	Middle East Africa	Dubai_RDC	AE	BIOLOGICS	ORENCIA	1754	1315285	ORENCIA SC SINJ125MG/ML4SYRX1MLSSI/FEGEM	F08		12-01-2025	01-12-2026	12/19/2025	50			400	42	6		0	
ABO	Middle East Africa	Dubai_RDC	AE	BIOLOGICS	OPDIVO	1754	1353643	OPDIVO SINJ 40MG(1VLX4ML) GEM	F07		11-10-2025	11/24/2025	11/14/2025	141			2426	14	2		717	
BO	Middle East Africa	Dubai_RDC	AE		OPDIVO QVANTIG	1754	1446877	OPDIVO QVANTIG SINJ 600MG (1VLX5ML) US	F17		10/13/2025	11/24/2025	10/31/2025		210	42	-210					210
ABO	Middle East Africa	Dubai_RDC	AE	BIOLOGICS	ABRAXANE		1447508	ABRAXANE LINJ 100MG (1VL) GEM			11-10-2025			2500				14	2			
BO	Middle East Africa	Dubai_RDC	AE	PHARMA	CAMZYOS	1754, 2024	1448837	CAMZYOS CAPS 2.5MG (2BLPX14) GEM	F14	4/20/2025	10/13/2025	12/15/2025	12-05-2025		15	63	-15				4	15
BO	Middle East Africa	Dubai_RDC	AE	PHARMA	CAMZYOS	1754, 2024	1448888	CAMZYOS CAPS 5MG (2BLPX14) GEM	F14	4/16/2025	10/13/2025	01-05-2026	11-07-2025		30	84	-30				135	30
ABO	Middle East Africa	Dubai_RDC	AE	PHARMA	CAMZYOS	1754, 2024	1449024	CAMZYOS CAPS 10MG (2BLPX14) GEM	F14	5/30/2025	10/27/2025	12/15/2025	11-07-2025	15			0	49	7		15	
LS	Latin America	ARGENTINA	AR	BIOLOGICS	NULOJIX	1744	1292020	NULOJIX LINJ 250MG (1VL) W/1SYR AR	F09	1/31/2024							4688				1437	
ABO	Latin America	ARGENTINA	AR	BIOLOGICS	ORENCIA	1744	1306274	ORENCIA SCSINJ125MG/ML4SYRX1ML SSI/FE AR	F08		12/15/2025	01-05-2026	01-02-2026	1660			4214	21	3		2393	
BO	Latin America	ARGENTINA	AR	BIOLOGICS	OPDIVO	1744	1339431	OPDIVO SINJ 100MG (1VLX10ML) AR	F07		10/20/2025	11/17/2025	11/21/2025		466	28	-466				5119	466
LS	Latin America	ARGENTINA	AR	BIOLOGICS	OPDIVO	1744	1433192	OPDIVO SINJ 240MG (1VLX24ML) AR	F07								2425				635	
LS	Latin America	ARGENTINA	AR	BIOLOGICS	OPDUALAG	1744	1445661	OPDUALAG 240MG/80MG (1VLX20ML) AR	F17								290					
ABO	Latin America	ARGENTINA	AR	BIOLOGICS	OPDIVO	1744	1456843	OPDIVO SC SINJ 600MG (1VLX5ML) AR	F17		10/27/2025	01-12-2026		11			0	77	11			
LS	Europe	AUSTRIA	AT	PHARMA	BARACLUDE	2053	1305989	BARACLUDE TAB 0.5MG (3BLPX10) AT	F05	12-06-2024							534				368	
LS	Europe	AUSTRIA	AT	BIOLOGICS	VIDAZA	2053	1428511	VIDAZA LINJ 100MG (1VL) AT/DE	F06								341				125	
ABO	Europe	AUSTRIA	AT	PHARMA	ONUREG	2053	1431822	ONUREG TAB 300MG (1BLPX7) DE/AT	F15	10/31/2025	12-01-2025	01-12-2026	01-09-2026	2			7	42	6			
BO	Asia Pacific	AUSTRALIA	AU	PHARMA	REYATAZ	2123	1224253	REYATAZ CAP 300MG (1BTLX30) AU	F06	10/18/2024	09-08-2025	11-10-2025	11/14/2025		15	63	-15					15
LS	Asia Pacific	AUSTRALIA	AU	PHARMA	ELIQUIS	2123	1289512	ELIQUIS TAB 2.5MG (2BLPX10) AU	3U2								2999					
ABO	Asia Pacific	AUSTRALIA	AU	PHARMA	EVOTAZ	2123	1360163	EVOTAZ TAB 300MG/150MG (1BTLX30) AU	F06		10/27/2025	12/15/2025	12-12-2025	64			0	49	7			
LS	Asia Pacific	AUSTRALIA	AU	BIOLOGICS	VIDAZA	2123	1431292	VIDAZA LINJ 100MG (1VL) AU	F06								514					
ABO	Asia Pacific	AUSTRALIA	AU	BIOLOGICS	ISTODAX	2123	1431609	ISTODAX LINJ 10MG 1VL W/2ML DIL AU	F10		12/29/2025	01-12-2026	01-09-2026	13			661	14	2			
LS	Asia Pacific	AUSTRALIA	AU	PHARMA	REVLIMID	2123	1431815	REVLIMID CAP 25MG (2BLPX7) AU	F02								21					
LS	Asia Pacific	AUSTRALIA	AU	PHARMA	ONUREG	2123	1443723	ONUREG TAB 200MG (1BLPX7) AU	F15	11/17/2025							62					
ABO	Europe	BALTICS	BA	PHARMA	BARACLUDE		1243378	BARACLUDE TAB 0.5MG (3BLPX10) EE/LV/LT		11/14/2025	9/26/2025											
LS	Latin America	BRAZIL	BR	BIOLOGICS	EMPLICITI	1763	1341931	EMPLICITI LINJ 300MG (1VL) BR	F09	11/14/2025							129				69	
LS	Latin America	BRAZIL	BR	PHARMA	POMALYST	1763	1431960	POMALYST CAP 4MG (3BLPX7) BR	F06								35				74	
ABO	Latin America	BRAZIL	BR	PHARMA	CAMZYOS	1763	1436030	CAMZYOS CAPS 5MG (2BLPX14) BR	F14	5/29/2025	12/29/2025	01-12-2026	01-09-2026	39			335	14	2		120	
LS	Latin America	BRAZIL	BR	PHARMA	CAMZYOS	1763	1436099	CAMZYOS CAPS 10MG (2BLPX14) BR	F14	05-12-2025							69				18	
BO	Latin America	BRAZIL	BR	PHARMA	CAMZYOS	1763	1436169	CAMZYOS CAPS 15MG (2BLPX14) BR	F14		10-06-2025	11-03-2025	11-07-2025		9	28	-9				9	9
ABO	Latin America	BRAZIL	BR	PHARMA	SOTYKTU	1763	1466730	SOTYKTU TAB 6MG (2BLPX14) SMP BR	F08		10/27/2025	01-12-2026		299			0	77	11			
BO	North America	CANADA	CA	PHARMA	CEENU	2032	1015568	CEENU CAP 10MG (1BTLX20) CA	F01		8/25/2025	01-05-2026	11/28/2025		17	133	-17				32	17
BO	North America	CANADA	CA	PHARMA	CEENU	2032	1015573	CEENU CAP 40MG (1BTLX20) CA	F01		7/28/2025	01-05-2026	01-02-2026		26	161	-26				44	26
ABO	North America	CANADA	CA	PHARMA	KENALOG	2032	1131281	KENALOG SINJ 10MG/ML (1VLX5ML) CA	F06	10/31/2025	12/22/2025	01-12-2026	01-09-2026	2750			-3530	21	3		6356	
BO	North America	CANADA	CA	PHARMA	KENALOG	2032	1131282	KENALOG SINJ 40MG/ML(1VLX5ML) CA	F06	11-07-2025	07-07-2025	10/27/2025	1/16/2026		7161	112	-7161				9331	7161
LS	North America	CANADA	CA	PHARMA	REVLIMID	2032	1431545	REVLIMID CAP 10MG (4BLPX7) CA	F02	3/15/2024							475					
LS	North America	CANADA	CA	PHARMA	ONUREG	2032	1431845	ONUREG TAB 200MG (1BLPX7) CA	F15								321					
ABO	Europe	SWITZERLAND	CH	PHARMA	BARACLUDE	2028	1195756	BARACLUDE TAB 0.5MG (3BLPX10) CH	F05	12-12-2025	12-01-2025	12-08-2025	12-05-2025	41			217	7	1		153	
LS	Europe	SWITZERLAND	CH	BIOLOGICS	OPDIVO	2028	1334234	OPDIVO SINJ 40MG (1VLX4ML) CH	F07								434				224	
ABO	Europe	SWITZERLAND	CH	BIOLOGICS	OPDIVO	2028	1385104	OPDIVO SINJ 240MG (1VLX24ML) CH	F07		11/17/2025	11/24/2025	11/21/2025	242			1714	7	1		1896	
ABO	Europe	SWITZERLAND	CH	PHARMA	IMNOVID	2028	1431426	IMNOVID CAP 1MG (3BLPX7) CH	F06		12/29/2025	01-12-2026	01-02-2026	1			35	14	2			
LS	Europe	SWITZERLAND	CH	PHARMA	ONUREG	2028	1431903	ONUREG TAB 200MG (1BLPX7) CH	F15	10/31/2025							49					
BO	Europe	SWITZERLAND	CH	PHARMA	LENALIDOMID 	2028	1443102	LENALIDOMID ABC CAP 2.5MG (3BLPX7) CH	F02	12-05-2025	10-06-2025	12-01-2025	12-05-2025		3	56	-3					3
BO	Europe	SWITZERLAND	CH	PHARMA	LENALIDOMID 	2028	1443173	LENALIDOMID ABC CAP 25MG (3BLPX7) CH	F02		10-06-2025	12-01-2025	12-05-2025		6	56	-6					6
ABO	Latin America	CHILE	CL	BIOLOGICS	YERVOY	1745	1293156	YERVOY SINJ 50MG (1VLX10ML) CL	F12		12-08-2025	12/22/2025	12/19/2025	29			137	14	2		79	
LS	Latin America	CHILE	CL	BIOLOGICS	ORENCIA	1745	1357983	ORENCIASCSINJ125MG4SYRX1MLSSI/FE GOVT CL	F08								4				21	
LS	Latin America	CHILE	CL	BIOLOGICS	ORENCIA	1745	1410304	ORENCIA CLICKJECT 125MG/ML4AIJX1ML GOVCL	F08								2095				1574	
LS	Latin America	CHILE	CL	BIOLOGICS	OPDIVO	1745	1410826	OPDIVO SINJ 100MG (1VLX10ML) GOVT CL	F07								338				1320	
BO	Latin America	CHILE	CL	BIOLOGICS	OPDIVO	1745	1410883	OPDIVO SINJ 40MG (1VLX4ML) GOVT CL	F07		10/20/2025	11-03-2025	11/28/2025		58	14	-58				572	58
ABO	Latin America	CHILE	CL	PHARMA	POMALYST	1745	1428398	POMALYST CAP 4MG (3BLPX7) CL	F06		10/27/2025	01-05-2026	01-02-2026	22			0	70	10		10	
ABO	Latin America	CHILE	CL	PHARMA	REVLIMID	1745	1428453	REVLIMID CAP 25MG (3BLPX7) CL	F02	1/23/2026	12/15/2025	01-12-2026	01-09-2026	5			16	28	4		8	
LS	Latin America	CHILE	CL	PHARMA	REVLIMID	1745	1428474	REVLIMID CAP 5MG (3BLPX7) CL	F02	12-10-2025							7				4	
ABO	Latin America	CHILE	CL	BIOLOGICS	OPDUALAG	1745	1445532	OPDUALAG 240MG/80MG (1VLX20ML) CL	F17		10/27/2025	01-12-2026		1			0	77	11			
LS	Asia Pacific	CHINA	CN	BIOLOGICS	YERVOY	1724	1420189	YERVOY SINJ 50MG (1VLX10ML) CN	F12								4590				1319	
ABO	Asia Pacific	CHINA	CN	BIOLOGICS	OPDIVO	1724	1433969	OPDIVO SINJ 120MG (1VLX12ML) CN	F07		10/27/2025	01-12-2026		86			0	77	11			
BO	Latin America	COLOMBIA	CO	PHARMA	KENALOG	1052, 1748	1188779	KENACORT IA SUSP INJ 10MG(1VLX5ML) CO	F06	10/31/2025	06-09-2025	10/27/2025	12-05-2025		40387	140	-40387				82874	40387
ABO	Latin America	COLOMBIA	CO	PHARMA	SPRYCEL	1748	1224183	SPRYCEL TAB 20MG (1BTLX60) CO	F06	1/31/2025	12/29/2025	01-12-2026	01-09-2026	2			29	14	2		3	
BO	Latin America	COLOMBIA	CO	PHARMA	SPRYCEL	1748	1224185	SPRYCEL TAB 70MG (1BTLX60) CO	F06		10/20/2025	11-10-2025	11/14/2025		4	21	-4				4	4
BO	Latin America	COLOMBIA	CO	PHARMA	SPRYCEL	1748	1254983	SPRYCEL TAB 100MG (1BTLX30) CO	F06	07-08-2025	9/29/2025	01-05-2026	01-09-2026		47	98	-47				30	47
LS	Latin America	COLOMBIA	CO	BIOLOGICS	NULOJIX	1748	1292038	NULOJIX LINJ 250MG (1VL) W/1SYR CO	F09								504				1148	
BO	Latin America	COLOMBIA	CO	BIOLOGICS	VIDAZA	1748	1428277	VIDAZA LINJ 100MG (1VL) CO	F13		09-08-2025	12-08-2025	12-12-2025		189	91	-189				347	189
BO	Latin America	COLOMBIA	CO	PHARMA	POMALYST	1748	1428473	POMALYST CAP 4MG (3BLPX7) CO	F06		9/29/2025	12-01-2025	12-05-2025		17	63	-17				24	17
ABO	Europe	CZECH REPUBLIC	CZ	PHARMA	REVLIMID	2036	1431737	REVLIMID CAP 25MG (3BLPX7) CZ/SK/SI	F02	11/28/2025	12/29/2025	01-12-2026	01-09-2026	9			58	14	2			
LS	Europe	CZECH REPUBLIC	CZ	BIOLOGICS	OPDIVO	2036	1434029	OPDIVO SINJ 120MG (1VLX12ML) CZ	F07								582					
BO	Europe	DENMARK	DK	PHARMA	ELIQUIS	2056	1279890	ELIQUIS TAB 2.5MG (6BLPX10) HP DK/NO	3U2		10/20/2025	12/29/2025	01-09-2026		512	70	-512					512
ABO	Europe	DENMARK	DK	PHARMA	REVLIMID	2056	1431573	REVLIMID CAP 10MG (3BLPX7) DK/IS	F02		12-01-2025	01-12-2026	12/26/2025	2			12	42	6			
ABO	Europe	DENMARK	DK	PHARMA	REVLIMID	2056	1431724	REVLIMID CAP 5MG (3BLPX7) DK/IS	F02		10/27/2025	01-12-2026	12/19/2025	2			0	77	11			
ABO	Europe	DENMARK	DK	BIOLOGICS	OPDIVO	2056	1434053	OPDIVO SINJ 120MG (1VLX12ML) DK/IS/NO	F07		10/27/2025	01-12-2026	11/21/2025	1			0	77	11			
LS	Europe	DENMARK	DK	BIOLOGICS	OPDUALAG	2056	1445688	OPDUALAG 240MG/80MG (1VLX20ML) DK/IS/NO	F17								54					
ABO	Middle East Africa	Dubai_RDC	EG	BIOLOGICS	OPDIVO		1353689	OPDIVO SINJ 100MG(1VLX10ML) EG			10/15/2025											
ABO	Middle East Africa	Dubai_RDC	EG	BIOLOGICS	YERVOY		1408613	YERVOY SINJ 50MG (1VLX10ML) EG			10/15/2025											
ABO	Europe	SPAIN	ES	PHARMA	BARACLUDE	2059, 2083	1213472	BARACLUDE TAB 1MG (3BLPX10) ES	F05	3/24/2025	12/29/2025	01-12-2026	01-09-2026	3			132	14	2		7	
ABO	Europe	SPAIN	ES	PHARMA	BARACLUDE	2059, 2083	1214105	BARACLUDE TAB 0.5MG (3BLPX10) ES	F05		12-01-2025	01-12-2026	01-09-2026	24			342	42	6		19	
LS	Europe	SPAIN	ES	BIOLOGICS	YERVOY	2059, 2083	1273253	YERVOY SINJ 50MG (1VLX10ML) ES	F12								1027				1320	
ABO	Europe	SPAIN	ES	PHARMA	REVLIMID	2059, 2083	1431900	REVLIMID CAP 20MG (3BLPX7) ES	F02		12/29/2025	01-12-2026		0			5	14	2			
ABO	Europe	SPAIN	ES	BIOLOGICS	OPDUALAG	2059	1432893	OPDUALAG 240MG/80MG (1VLX20ML) ES	F17		10/27/2025	01-05-2026		1			0	70	10			
ABO	Europe	SPAIN	ES	PHARMA	TRIGON DEPOT	2059, 2083	1442490	TRIGON SINJ 40MG/ML (3VLX1ML) ES	F06	10/31/2025	12/29/2025	01-12-2026	01-09-2026	27204			87552	14	2			
BO	Europe	FINLAND	FI	PHARMA	IMNOVID	2057	1431389	IMNOVID CAP 4MG (2BLPX7) PT	F06		10-06-2025	01-05-2026	01-02-2026		1	91	-1					1
ABO	Europe	FINLAND	FI	PHARMA	IMNOVID	2057	1431397	IMNOVID CAP 3MG (2BLPX7) PT/FI/SE	F06		11-10-2025	01-12-2026	12/26/2025	4			2	63	9			
ABO	Europe	FRANCE	FR	PHARMA	IDHIFA	2051	1424989	IDHIFA TAB 100MG (1BTLX30) US	BR6		12/22/2025	01-12-2026	01-09-2026	48			136	21	3		57	
LS	Europe	FRANCE	FR	PHARMA	IDHIFA	2051	1428614	IDHIFA TAB 50MG (1BTLX30) US	BR6								15				4	
BO	Europe	FRANCE	FR	PHARMA	INREBIC	2051	1439657	INREBIC CAP 100MG (1BTLX120) FR	F15	10/31/2025	09-01-2025	11/17/2025	11/21/2025		108	77	-108					108
ABO	Europe	FRANCE	FR	PHARMA	ELIQUIS	2051	1457144	ELIQUIS CAP 0.15MG (1BTLX28) PED FR	3U2		10/27/2025	12/15/2025		62			0	49	7			
ABO	Europe	GREAT BRITAIN	GB	BIOLOGICS	YERVOY	1147, 1238	1272733	YERVOY SINJ50MG(1VLX10ML) GB	F12		11-03-2025	11-10-2025	11-07-2025	413			380	7	1			
BO	Europe	GREAT BRITAIN	GB	PHARMA	ELIQUIS	1238, 1718	1279786	ELIQUIS TAB 2.5MG (1BLPX10) GB	3U2		10/20/2025	01-05-2026	10/31/2025		10	77	-10					10
BO	Europe	GREAT BRITAIN	GB	BIOLOGICS	ABRAXANE	1238	1431336	ABRAXANE LINJ 100MG (1VL) IE/MT	F10		10/20/2025	01-05-2026	10/31/2025		19	77	-19					19
LS	Europe	GREAT BRITAIN	GB	PHARMA	INREBIC	1238	1431565	INREBIC CAP 100MG (1BTLX120) GB	F15								155					
LS	Europe	GREAT BRITAIN	GB	PHARMA	CAMZYOS	1238	1436720	CAMZYOS CAPS 10MG (2BLPX14) IE/MT	F14								37					
LS	Europe	GREAT BRITAIN	GB	PHARMA	CAMZYOS	1238	1436864	CAMZYOS CAPS 15MG (2BLPX14) IE/MT	F14								64					
LS	Europe	GREAT BRITAIN	GB	PHARMA	CAMZYOS	1238	1436865	CAMZYOS CAPS 5MG (2BLPX14) IE/MT	F14								402					
LS	Europe	GREAT BRITAIN	GB	PHARMA	THALOMID	1238	1443693	THALID ABC CAP 50MG (2BLPX14) GB	BE7								1312					
LS	Europe	GREECE	GR	PHARMA	BARACLUDE	1597	1230853	BARACLUDE TAB 0.5MG (3BLPX10) CY/GR	F05	11/14/2025							3960					
LS	Europe	GREECE	GR	PHARMA	BARACLUDE	1597	1230854	BARACLUDE TAB 1MG (3BLPX10) CY/GR	F05	11/21/2025							720					
ABO	Europe	GREECE	GR	BIOLOGICS	OPDIVO	1597	1434014	OPDIVO SINJ 120MG (1VLX12ML) CY/GR	F07		01-12-2026	1/19/2026	1/16/2026	51			1112	7	1			
LS	Asia Pacific	HONG KONG	HK	PHARMA	SPRYCEL	1726	1217517	SPRYCEL TAB 50MG (1BTLX60) HK	F06								299				110	
ABO	Asia Pacific	HONG KONG	HK	BIOLOGICS	ORENCIA	1726	1261123	ORENCIA LINJ 250MG (1VL) W/SYR HK	F16		11-03-2025	01-12-2026	01-09-2026	64			113	70	10		29	
LS	Asia Pacific	HONG KONG	HK	BIOLOGICS	OPDIVO	1726	1354205	OPDIVO SINJ 100MG (1VLX10ML) HK	F07								5384				866	
BO	Asia Pacific	HONG KONG	HK	PHARMA	REVLIMID	1726	1431561	REVLIMID CAP 10MG (3BLPX7) HK	F02	10/20/2025	10-06-2025	10/27/2025	12/19/2025		100	21	-100				181	100
ABO	Asia Pacific	HONG KONG	HK	PHARMA	REVLIMID	1726	1431617	REVLIMID CAP 5MG (3BLPX7) HK	F02		10/27/2025	12/29/2025	12/26/2025	196			0	63	9		79	
LS	Asia Pacific	HONG KONG	HK	PHARMA	POMALYST	1726	1431954	POMALYST CAP 4MG (3BLPX7) HK	F06								38				40	
BO	Asia Pacific	HONG KONG	HK	PHARMA	CAMZYOS	1726, 1731	1445596	CAMZYOS CAP 2.5MG (2BLPX14) HK/MO	F14		08-04-2025	01-12-2026	01-09-2026		9	161	-9				38	9
ABO	Asia Pacific	HONG KONG	HK	PHARMA	CAMZYOS	1726, 1731	1445597	CAMZYOS CAP 15MG (2BLPX14) HK/MO	F14		10/27/2025	01-12-2026	01-09-2026	5			0	77	11		2	
BO	Asia Pacific	HONG KONG	HK	PHARMA	CAMZYOS	1726, 1731	1445611	CAMZYOS CAP 5MG (2BLPX14) HK/MO	F14	04-07-2025	08-11-2025	01-12-2026	01-09-2026		11	154	-11				56	11
BO	Asia Pacific	HONG KONG	HK	PHARMA	CAMZYOS	1726, 1731	1445628	CAMZYOS CAP 10MG (2BLPX14) HK/MO	F14	3/21/2025	10-06-2025	01-05-2026	1/16/2026		2	91	-2				11	2
BO	Asia Pacific	HONG KONG	HK	PHARMA	ONUREG	1726, 2023	1447709	ONUREG TAB 300MG (1BLPX7) HK	F15	2/19/2025	9/22/2025	11-03-2025	11-07-2025		13	42	-13					13
BO	Asia Pacific	HONG KONG	HK	PHARMA	ONUREG	1726, 2023	1447844	ONUREG TAB 200MG (1BLPX7) HK	F15	7/23/2025	10-06-2025	01-05-2026	1/16/2026		17	91	-17					17
ABO	Asia Pacific	HONG KONG	HK	PHARMA	KRAZATI	1726	1468872	KRAZATI TAB 200MG (1BTLX180) HK	F09	9/15/2025	10/27/2025	01-12-2026		9			0	77	11			
ABO		CROATIA	HR	BIOLOGICS	YERVOY		1272936	YERVOY SINJ 50MG (1VLX10ML) HR/HU/PL			10/27/2025											
LS	Europe	IRELAND	IE	PHARMA	REVLIMID	2055	1431636	REVLIMID CAP 25MG (3BLPX7) IE/MT	F02								53					
ABO	Europe	IRELAND	IE	PHARMA	REVLIMID	2055	1431863	REVLIMID CAP 20MG (3BLPX7) IE	F02		11/17/2025	01-12-2026	12/26/2025	6			4	56	8			
ABO	Europe	IRELAND	IE	BIOLOGICS	OPDIVO SC	2055	1456802	OPDIVO SC SINJ 600MG (1VLX5ML) IE/MT	F17		10/27/2025	01-12-2026	01-09-2026	67			0	77	11			
LS	Asia Pacific	INDIA	IN	BIOLOGICS	OPDYTA	1737, 1738	1404128	OPDYTA SINJ 40MG(1VLX4ML) PAP IN	F07								4048				4007	
LS	Asia Pacific	INDIA	IN	BIOLOGICS	OPDYTA	1737, 1738	1404129	OPDYTA SINJ 100MG(1VLX10ML) PAP IN	F07								596				4909	
LS	Asia Pacific	INDIA	IN	BIOLOGICS	OPDYTA	1737, 1738	1443082	OPDYTA SINJ 240MG (1VLX24ML) IN	F07								604				658	
BO	Asia Pacific	INDIA	IN	PHARMA	KOPOZGO	1737, 1738	1450462	KOPOZGO CAPS 2.5MG (1BLPX14) IN	F14		10-06-2025	10/27/2025	12-12-2025		18	21	-18					18
BO	Asia Pacific	INDIA	IN	PHARMA	KOPOZGO	1737, 1738	1465609	KOPOZGO CAP 2.5MG (1BLPX14) PAP IN	F14		10/13/2025	10/27/2025			22	14	-22					22
ABO	Europe	ITALY	IT	PHARMA	KENALOG	2052	1115718	KENACORT SINJ 40MG/ML (3VLX1ML) IT	F06	11-07-2025	12-08-2025	01-12-2026	01-09-2026	109929			33563	35	5		111354	
ABO	Europe	ITALY	IT	PHARMA	BARACLUDE	2052	1216507	BARACLUDE TAB 0.5MG (3BLPX10) IT	F05	1/23/2026	12-01-2025	01-12-2026	01-09-2026	8615			11914	42	6		8	
ABO	Europe	ITALY	IT	PHARMA	BARACLUDE	2052	1216508	BARACLUDE TAB 1MG (3BLPX10) IT	F05		12-01-2025	01-12-2026	01-09-2026	398			7	42	6		2	
ABO	Europe	ITALY	IT	PHARMA	ELIQUIS	2052	1363576	ELIQUIS TAB 5MG (3BLPX20) IT	3U2		11-03-2025	11-10-2025	11-07-2025	56885			6540	7	1		1975	
ABO	Europe	ITALY	IT	PHARMA	ELIQUIS	2052	1363577	ELIQUIS TAB 2.5MG (3BLPX20) IT	3U2		11-03-2025	01-12-2026	12-05-2025	9144			31090	70	10		1683	
LS	Europe	ITALY	IT	BIOLOGICS	ORENCIA	2052	1393709	ORENCIA SCSINJ125MG/ML4SYRX1MLSSI/FEHPIT	F08								21844				5795	
ABO	Europe	ITALY	IT	PHARMA	KENALOG	2052	1393727	KENACORT SINJ 40MG/ML (3VLX1ML) HP IT	F14	9/26/2025	11-10-2025	01-12-2026	01-02-2026	37244			7011	63	9		16866	
LS	Europe	ITALY	IT	PHARMA	EVOTAZ	2052	1393934	EVOTAZ TAB 300MG/150MG (1BTLX30) HP IT	F06								968				168	
ABO	Europe	ITALY	IT	BIOLOGICS	REBLOZYL	2052	1422449	REBLOZYL LINJ 25MG (1VL) IT	F13		12/22/2025	01-12-2026	01-09-2026	4462			439	21	3			
LS	Europe	ITALY	IT	BIOLOGICS	OPDIVO	2052	1426844	OPDIVO SINJ 120MG (1VLX12ML) IT	F07								1138				1179	
ABO	Europe	ITALY	IT	PHARMA	ZEPOSIA	2052	1431957	ZEPOSIA CAP .92MG (4BLPLX7) IT	BR6		01-12-2026	1/19/2026	1/16/2026	2740			20	7	1			
BO	Europe	ITALY	IT	PHARMA	CAMZYOS	2052	1436062	CAMZYOS CAPS 15MG (2BLPX14) DE/AT	F14		10-06-2025	12/29/2025	01-02-2026		7	84	-7					7
BO	Europe	ITALY	IT	PHARMA	CAMZYOS	2052	1436077	CAMZYOS CAPS 10MG (2BLPX14) DE/AT	F14		10-06-2025	01-05-2026	01-09-2026		8	91	-8					8
BO	Europe	ITALY	IT	PHARMA	CAMZYOS	2052	1436084	CAMZYOS CAPS 2.5MG (2BLPX14) DE/AT	F14		10-06-2025	12/29/2025			20	84	-20					20
ABO	Europe	ITALY	IT	PHARMA	SOTYKTU	2052	1441702	SOTYKTU TAB 6MG (2BLPX14) IT	F08	7/29/2025	10/27/2025	11-10-2025	11-07-2025	9			0	14	2			
LS	Europe	ITALY	IT	PHARMA	IMNOVID	2052	1442618	IMNOVID CAP 1MG (3BLPX7) HP IT	F06								18				8	
ABO	Europe	ITALY	IT	PHARMA	THALOMID	2052	1443627	THALCAP50MG2BLP14IE/PT/ES/EE/MT/LT/LV	BE7		10/27/2025	11/17/2025	10/31/2025	6			0	21	3			
LS	Europe	ITALY	IT	PHARMA	ONUREG	2052	1443933	ONUREG TAB 200MG (1BLPX7) HP IT	F15								217				68	
ABO	Europe	ITALY	IT	PHARMA	SOTYKTU	2052	1456609	SOTYKTU TAB 6MG (2BLPX14) HP IT	F08		10/27/2025	01-12-2026	01-09-2026	2812			0	77	11			
ABO	Europe	ITALY	IT	PHARMA	KRAZATI	2052	1458038	KRAZATI TAB 200MG (1BTLX180) AT/DE	F09		10/27/2025	01-12-2026		294			0	77	11			
ABO	Europe	ITALY	IT	PHARMA	KRAZATI	2052	1458877	KRAZATI TAB 200MG (1BTLX180) IT	F09	10/15/2025	10/27/2025	01-12-2026		26			0	77	11			
LS	Asia Pacific	JAPAN	JP	PHARMA	BARACLUDE	1643, 2026, 2027	1194983	BARACLUDE TAB 0.5MG (7BLPX10) JP	J01,Z99								1611				2668	
LS	Asia Pacific	JAPAN	JP	PHARMA	ELIQUIS	1643	1298515	ELIQUIS TAB 2.5MG (1BTLX500) JP	3U2								23142				9024	
LS	Asia Pacific	JAPAN	JP	PHARMA	ELIQUIS	1643	1298624	ELIQUIS TAB 2.5MG (10BLPX10) JP	3U2								276005				128337	
LS	Asia Pacific	JAPAN	JP	PHARMA	ELIQUIS	1643	1298653	ELIQUIS TAB 5MG (10BLPX10) JP	3U2								204589				107968	
LS	Asia Pacific	SOUTH KOREA	KR	PHARMA	SPRYCEL	1727	1356053	SPRYCEL TAB 80MG (3BLPX10) KR	F06								930				341	
LS	Asia Pacific	SOUTH KOREA	KR	PHARMA	REVLIMID	1727	1431602	REVLIMID CAP 10MG (1BLPX7) KR	F02								6267					
LS	Asia Pacific	SOUTH KOREA	KR	BIOLOGICS	REBLOZYL	1727	1434277	REBLOZYL LINJ 75MG (1VL) KR	F13								20					
LS	Asia Pacific	SOUTH KOREA	KR	PHARMA	POMALYST	1727	1461992	POMALYST CAP 2MG 1BLPX7 KR	F06								155					
ABO	North America	MEXICO	MX	PHARMA	SPRYCEL	1624	1217415	SPRYCEL TAB 70MG(1BTLX60)MX	F06		10/27/2025	12/15/2025	12-12-2025	8			0	49	7		3	
ABO	North America	MEXICO	MX	BIOLOGICS	OPDIVO	1624	1339544	OPDIVO SINJ 100MG (1VLX10ML) MX	F07		12/29/2025	01-12-2026	01-09-2026	2021			30341	14	2		9985	
ABO	North America	MEXICO	MX	PHARMA	HYDREA	1624	1341749	HYDREA CAP 500MG (1BTLX100) GHS MX	F01		10/27/2025	12/22/2025	12/19/2025	3019			0	56	8		1380	
ABO	North America	MEXICO	MX	PHARMA	REVLIMID	1624	1431628	REVLIMID CAP 5MG (3BLPX7) MX	F02	11/28/2025	11-03-2025	12/22/2025	12/19/2025	20			3	49	7			
ABO	North America	MEXICO	MX	PHARMA	CAMZYOS	1624	1436100	CAMZYOS CAPS 5MG (1BTLX30) MX	F14		10/27/2025	01-12-2026	01-09-2026	14			0	77	11			
ABO	North America	MEXICO	MX	PHARMA	ONUREG	1624	1440588	ONUREG TAB 300MG (1BLPX7) MX	F15	4/30/2026	10/27/2025	01-12-2026	01-09-2026	6			0	77	11			
ABO	North America	MEXICO	MX	PHARMA	ONUREG	1624	1440776	ONUREG TAB 200MG (1BLPX7) MX	F15	4/30/2026	10/27/2025	01-12-2026	01-09-2026	4			0	77	11			
LS	Europe	NORWAY	NO	BIOLOGICS	OPDIVO	1552, 2058	1434053	OPDIVO SINJ 120MG (1VLX12ML) DK/IS/NO	F07								112					
LS	Asia Pacific	NEW ZEALAND	NZ	PHARMA	SPRYCEL	1742	1215315	SPRYCEL TAB 70MG (1BTLX60) AU/NZ	F06								1					
LS	Asia Pacific	NEW ZEALAND	NZ	PHARMA	REVLIMID	1742	1431639	REVLIMID CAP 5MG (4BLPX7) AU/NZ	F02								2					
LS	Asia Pacific	NEW ZEALAND	NZ	PHARMA	REVLIMID	1742	1431809	REVLIMID CAP 15MG (4BLPX7) AU/NZ	F02								2					
LS	Asia Pacific	NEW ZEALAND	NZ	PHARMA	POMALYST	1742	1431846	POMALYST CAP 4MG (3BLPX7) AU/NZ	F06								-1					
LS	Europe	POLAND	PL	BIOLOGICS	YERVOY	1563	1272936	YERVOY SINJ 50MG (1VLX10ML) HR/HU/PL	F12								2156					
BO	North America	PUERTORICO,USA	PR	PHARMA	KENALOG	1680	1131270	KENALOG SINJ 40MG/ML (1VLX1ML) US	F06	10-10-2025	9/15/2025	01-05-2026	1/16/2026		12884	112	-12880				552	12884
BO	North America	PUERTORICO,USA	PR	PHARMA	KENALOG	1680	1131271	KENALOG SINJ 40MG/ML (1VLX5ML) US	F06		7/21/2025	01-05-2026	11/28/2025		750	168	-750				40	750
BO	North America	PUERTORICO,USA	PR	PHARMA	KENALOG	1680	1131273	KENALOG SINJ 10MG/ML (1VLX5ML) US	F06		08-11-2025	01-05-2026	1/16/2026		940	147	-940				312	940
ABO	North America	PUERTORICO,USA	PR	PHARMA	SPRYCEL	1680	1193637	SPRYCEL TAB 20MG (1BTLX60) US	F06		10/27/2025	11-10-2025	11-07-2025	1			0	14	2		2	
BO	North America	PUERTORICO,USA	PR	PHARMA	REYATAZ	1680	1197611	REYATAZ CAP 300MG (1BTLX30) US	M04		10-06-2025	01-05-2026	01-02-2026		1	91	-1				1	1
ABO	North America	PUERTORICO,USA	PR	PHARMA	AZACTAM	1680	1265844	AZACTAM PINJ 2G (10VL) 15ML ABC US	F14		10/27/2025	12-08-2025	12-05-2025	23			12	42	6		16	
ABO	North America	PUERTORICO,USA	PR	PHARMA	SPRYCEL	1680	1270633	SPRYCEL TAB 140MG (1BTLX30) US	F06		10/27/2025	01-12-2026	01-09-2026	5			0	77	11		2	
ABO	North America	PUERTORICO,USA	PR	PHARMA	ELIQUIS	1680	1283083	ELIQUIS TAB 5MG (1BTLX60) US	F01		10/27/2025	01-12-2026	11/14/2025	6834			2545	77	11		20718	
LS	North America	PUERTORICO,USA	PR	BIOLOGICS	ORENCIA	1680	1340844	ORENCIA CLICKJECT125MG/ML1AIJX1ML SMP US	M04								86					
LS	North America	PUERTORICO,USA	PR	BIOLOGICS	OPDIVO	1680	1368375	OPDIVO SINJ 240MG (1VLX24ML) US	M04								254				367	
BO	North America	PUERTORICO,USA	PR	BIOLOGICS	ORENCIA	1680	1373115	ORENCIA SC SINJ 50MG (4SYR)SSI/FE PED US	M04		10-06-2025	11-03-2025	11/14/2025		2	28	-2				2	2
LS	North America	PUERTORICO,USA	PR	BIOLOGICS	ORENCIA	1680	1373234	ORENCIA SC SINJ87.5MG(4SYR)SSI/FE PED US	M04								4				5	
ABO	North America	PUERTORICO,USA	PR	PHARMA	ZEPOSIA	1680	1424880	ZEPOSIA CAP .23/.46MG 7CT TRTINI US	M04		10/27/2025	11/17/2025	10/31/2025	1			0	21	3		2	
ABO	North America	PUERTORICO,USA	PR	PHARMA	THALOMID	1680	1424949	THALOMID CAP 100MG (4BLPX7) US	M04		11-03-2025	11-10-2025	11-07-2025	1			2	7	1		3	
LS	North America	PUERTORICO,USA	PR	PHARMA	THALOMID	1680	1424982	THALOMID CAP 50MG (4BLPX7) US	M04								2				2	
ABO	North America	PUERTORICO,USA	PR	PHARMA	IDHIFA	1680	1424989	IDHIFA TAB 100MG (1BTLX30) US	M04		10/27/2025	11-10-2025	11-07-2025	7			0	14	2		7	
ABO	North America	PUERTORICO,USA	PR	PHARMA	POMALYST	1680	1428512	POMALYST CAP 4MG (1BTLX100) US	M04		10/27/2025	01-12-2026	11/21/2025	1			0	77	11		2	
LS	North America	PUERTORICO,USA	PR	PHARMA	POMALYST	1680	1428586	POMALYST CAP 2MG (1BTLX21) US	M04								23				24	
LS	North America	PUERTORICO,USA	PR	PHARMA	IDHIFA	1680	1428614	IDHIFA TAB 50MG (1BTLX30) US	M04								3				1	
BO	North America	PUERTORICO,USA	PR	BIOLOGICS	ISTODAX	1680, 2014, 2015	1428645	ISTODAX LINJ 10MG 1VL W/2ML DIL US	M04		10/20/2025	01-05-2026	1/16/2026		2	77	-2				10	2
BO	North America	PUERTORICO,USA	PR	PHARMA	ONUREG	1680	1431940	ONUREG TAB 200MG (1BLPX7) US	F15	10-08-2025	10/13/2025	10/27/2025	10/31/2025		2	14	-2					2
LS	North America	PUERTORICO,USA	PR	PHARMA	ZEPOSIA	1680	1445072	ZEPOSIA CAP.23/.46/.92MG 28CT KIT US	M04								1					
BO	North America	PUERTORICO,USA	PR	PHARMA	AUGTYRO	1680	1447707	AUGTYRO CAP 40MG (1BTLX120) US	M04		10/20/2025	01-05-2026	10/31/2025		3	77	-3					3
LS	Europe	PORTUGAL	PT	BIOLOGICS	ORENCIA	2081	1217206	ORENCIA LINJ 250MG (1VL)W/SYR PT	F16								878				431	
LS	Europe	PORTUGAL	PT	BIOLOGICS	REBLOZYL	2081	1422958	REBLOZYL LINJ 25MG (1VL) IE/MT/PT	F13								245					
BO	Europe	RDC	RDC	PHARMA	KENACORT-A		1033337	KENACORT-A SINJ 10MG/ML (1VLX5ML) BE/LU	F06	10/24/2025	6/23/2025	10/27/2025			6544	126	-6544					6544
BO	Europe	RDC	RDC	PHARMA	KENACORT-A		1033355	KENACORT-A SINJ 10MG/ML (1VLX5ML) NL	F06	10/24/2025	6/23/2025	10/27/2025	10/31/2025		5414	126	-5414				5845	5414
ABO	Europe	RDC	RDC	PHARMA	KENALOG		1033357	KENACORT SINJ 40MG/ML (1VLX1ML) NL	F06	11/25/2025	12/29/2025	01-12-2026	01-09-2026	2404			7250	14	2		7034	
BO	Europe	RDC	RDC	PHARMA	KENALOG		1033359	KENACORT SINJ 40MG/ML (1VLX5ML) NL	F06	11/14/2025	09-08-2025	11-10-2025	11/14/2025		2379	63	-2379				2351	2379
LS	Europe	RDC	RDC	PHARMA	BARACLUDE		1209984	BARACLUDE TAB 0.5MG (3BLPX10) HU	F05	08-12-2025							1305				400	
ABO	Europe	RDC	RDC	PHARMA	BARACLUDE		1217912	BARACLUDE TAB 1MG (3BLPX10) BE/LU	F05	1/30/2026	12/15/2025	01-12-2026		56			145	28	4			
LS	Europe	RDC	RDC	PHARMA	BARACLUDE		1222115	BARACLUDE TAB 0.5MG (3BLPX10) BE/LU	F05	12-12-2025							870					
ABO	Europe	RDC	RDC	PHARMA	SPRYCEL		1247893	SPRYCEL TAB 100MG (1BTLX30) HU/PL	F06		11/17/2025	11/24/2025		91			59	7	1			
LS	Europe	RDC	RDC	BIOLOGICS	YERVOY		1272937	YERVOY SINJ 200MG (1VLX40ML) HR/HU/PL	F12								134				90	
LS	Europe	RDC	RDC	BIOLOGICS	YERVOY		1273256	YERVOY SINJ 50MG (1VLX10ML) BE/NL/LU	F12								2072					
ABO	Europe	RDC	RDC	PHARMA	SPRYCEL	2050	1280590	SPRYCEL TAB 80MG (3BLPX10) DE	F06		11-03-2025	11/17/2025	11/14/2025	7			12	14	2			
LS	Europe	RDC	RDC	PHARMA	ELIQUIS	2050	1363542	ELIQUIS TAB 2.5MG (3BLPX20) DE	3U2								53098				14712	
LS	Europe	RDC	RDC	BIOLOGICS	REBLOZYL		1422732	REBLOZYL LINJ 75MG (1VL) CY/GR	F13								2998					
LS	Europe	RDC	RDC	PHARMA	IMNOVID	2050	1428588	IMNOVID CAP 2MG (3BLPX7) AT/DE	F06								121					
ABO	Europe	RDC	RDC	PHARMA	INREBIC		1431176	INREBIC CAP 100MG (1BTLX120) IE/MT/PL	F15		01-05-2026	01-12-2026	01-09-2026	2			8	7	1			
ABO	Europe	RDC	RDC	PHARMA	IMNOVID		1431377	IMNOVID CAP 4MG (3BLPX7) GR/CY/BG/RO	F06		11-03-2025	01-12-2026		0			110	70	10			
LS	Europe	RDC	RDC	PHARMA	IMNOVID		1431473	IMNOVID CAP 2MG (2BLPX7) NL/BE/LU	F06								14					
ABO	Europe	RDC	RDC	PHARMA	ONUREG	2050	1431822	ONUREG TAB 300MG (1BLPX7) DE/AT	F15		12-01-2025	01-12-2026	01-09-2026	2			40	42	6			
ABO	Europe	RDC	RDC	PHARMA	ONUREG	2050	1431834	ONUREG TAB 200MG (1BLPX7) DE/AT	F15		12-01-2025	01-12-2026	01-09-2026	2			23	42	6			
LS	Europe	RDC	RDC	PHARMA	ONUREG	2050	1431927	ONUREG TAB 300MG (2BLPX7) DE/AT	F15	11/15/2025							297					
ABO	Europe	RDC	RDC	PHARMA	ONUREG		1433605	ONUREG TAB 300MG (1BLPX7) IE/MT/PL	F15	10/31/2025	10/27/2025	01-12-2026		0			0	77	11			
ABO	Europe	RDC	RDC	PHARMA	INREBIC		1433985	INREBIC CAP 100MG (1BTLX120) CY/GR	F15	11/30/2025	10/27/2025	01-12-2026		58			0	77	11			
ABO	Europe	RDC	RDC	PHARMA	SOTYKTU		1441746	SOTYKTU TAB 6MG (2BLPX14) SMP BE/LU/NL	F08	10/21/2024	10/27/2025	01-12-2026		180			0	77	11			
LS	Europe	RDC	RDC	BIOLOGICS	OPDIVO		1447928	OPDIVO SINJ 120MG (1VLX12ML) HU	F07								780				300	
ABO	Europe	ROMANIA	RO	BIOLOGICS	OPDIVO	1764	1334140	OPDIVO SINJ 100MG (1VLX10ML) BG/RO	F07		12/22/2025	01-05-2026	01-02-2026	2306			17165	14	2		6742	
ABO	Europe	RUSSIAN FED.	RU	BIOLOGICS	YERVOY		1434181	YERVOY SINJ 50MG (1VLX10ML) EAEU RU			10/24/2025											
ABO	Middle East Africa	SAUDI ARABIA	SA	PHARMA	KENALOG		1131270	KENALOG SINJ 40MG/ML (1VLX1ML) US		11-07-2025	8/15/2025											
LS	Middle East Africa	SAUDI ARABIA	SA	BIOLOGICS	OPDIVO		1353633	OPDIVO SINJ 40MG(1VLX4ML) SA			9/25/2025											
LS	Middle East Africa	SAUDI ARABIA	SA	BIOLOGICS	OPDIVO		1354412	OPDIVO SINJ 100MG (1VLX10ML) SA			9/25/2025											
ABO	Europe	SWEDEN	SE	PHARMA	REVLIMID	2058	1431702	REVLIMID CAP 25MG (3BLPX7) SE	F02	11/14/2025	11/17/2025	01-12-2026	12/26/2025	2			1	56	8			
LS	Europe	SWEDEN	SE	PHARMA	REVLIMID	2058	1431793	REVLIMID CAP 5MG (3BLPX7) SE	F02								10					
BO	Asia Pacific	SINGAPORE	SG	PHARMA	CAMZYOS	2122	1445600	CAMZYOS CAP 10MG (2BLPX14) SG	F14	2/28/2025	10/20/2025	11-03-2025	11-07-2025		3	14	-3				28	3
ABO	Europe	SLOVENIA	SI	BIOLOGICS	VIDAZA	2022	1431261	VIDAZA LINJ 100MG (1VL) CZ/SK/SI	F06		10/27/2025	01-12-2026	01-09-2026	21			0	77	11			
BO	Europe	SLOVENIA	SI	BIOLOGICS	VIDAZA	2022	1431294	VIDAZA LINJ 100MG (1VL) IE/LT	F06		10/20/2025	11-03-2025	11-07-2025		391	14	-391					391
LS	Europe	SLOVENIA	SI	BIOLOGICS	ABRAXANE	2022	1431303	ABRAXANE LINJ 100MG (1VL) PL/HU/HR	F10								1300					
BO	Europe	SLOVENIA	SI	BIOLOGICS	ABRAXANE	2022	1431317	ABRAXANE LINJ 100MG (1VL) CZ/SK/SI	F10		10/13/2025	01-05-2026	11/28/2025		632	84	-632					632
LS	Europe	SLOVENIA	SI	BIOLOGICS	ABRAXANE	2022	1431333	ABRAXANE LINJ 100MG (1VL) GR/CY	F10								1721					
ABO	Europe	SLOVENIA	SI	BIOLOGICS	ABRAXANE	2022	1431336	ABRAXANE LINJ 100MG (1VL) IE/MT	F10		11-10-2025	01-05-2026	11/14/2025	0			30	56	8			
LS	Europe	SLOVENIA	SI	PHARMA	IMNOVID	2022	1431461	IMNOVID CAP 3MG (3BLPX7) CZ/SK/SI	F06								15					
LS	Europe	SLOVENIA	SI	PHARMA	IMNOVID	2022	1431469	IMNOVID CAP 2MG (3BLPX7) GR/CY/BG/RO	F06								81					
LS	Europe	SLOVENIA	SI	PHARMA	REVLIMID	2022	1431570	REVLIMID CAP 10MG (3BLPX7) IE	F02								51					
LS	Europe	SLOVENIA	SI	PHARMA	REVLIMID	2022	1431636	REVLIMID CAP 25MG (3BLPX7) IE/MT	F02	10/31/2024							32					
LS	Europe	SLOVENIA	SI	BIOLOGICS	REBLOZYL	2022	1431696	REBLOZYL LINJ 75MG (1VL) CZ/RO/LT	F13								1147					
LS	Europe	SLOVENIA	SI	PHARMA	REVLIMID	2022	1431713	REVLIMID CAP 5MG (3BLPX7) GR/CY	F02								136					
LS	Europe	SLOVENIA	SI	PHARMA	ZEPOSIA	2022	1433994	ZEPOSIA CAP .92MG (4BLPLX7) CZ/RO	BR6								380					
ABO	Europe	SLOVENIA	SI	PHARMA	THALOMID	2022	1443627	THALCAP50MG2BLP14IE/PT/ES/EE/MT/LT/LV	BE7		11-03-2025	01-12-2026	12/19/2025	0			238	70	10			
LS	Europe	SLOVENIA	SI	PHARMA	ONUREG	2022	1444040	ONUREG TAB 200MG (1BLPX7) CZ/RO	F15								6					
LS	Europe	SLOVENIA	SI	PHARMA	INREBIC	2022	1444154	INREBIC CAP 100MG (1BTLX120) CZ/SI/SK	F15								15					
LS	Europe	SLOVENIA	SI	PHARMA	THALOMID	2022	1454833	THALID ABC CAP 50MG(2BLPX14) GR/CY/RO/HU	BE7								46					
ABO	Asia Pacific	THAILAND	TH	PHARMA	REVLIMID	1735	1431596	REVLIMID CAP 10MG (3BLPX7) TH	F02		10/27/2025	12/22/2025	12/19/2025	80			97	56	8			
ABO	Asia Pacific	THAILAND	TH	PHARMA	REVLIMID	1735	1431635	REVLIMID CAP 25MG (3BLPX7) TH	F02		10/27/2025	11-10-2025	11-07-2025	6			69	14	2			
BO	Asia Pacific	THAILAND	TH	PHARMA	REVLIMID	1735	1431722	REVLIMID CAP 15MG (3BLPX7) TH	F02		10/20/2025	11-10-2025	12/19/2025		13	21	-13					13
ABO	Asia Pacific	THAILAND	TH	PHARMA	REVLIMID	1735	1431769	REVLIMID CAP 5MG (3BLPX7) TH	F02		10/27/2025	12/15/2025	12-12-2025	5			43	49	7			
LS	Asia Pacific	THAILAND	TH	PHARMA	ONUREG	1735	1445035	ONUREG TAB 300MG (1BLPX7) TH	F15								11					
ABO	Europe	TURKEY	TR	BIOLOGICS	ORENCIA	1609	1322633	ORENCIA SCSINJ125MG/ML4SYRX1ML SSI/FE TR	F08		12-08-2025	12/15/2025	12-12-2025	12			1229	7	1		662	
LS	Europe	TURKEY	TR	BIOLOGICS	OPDIVO	1609	1334117	OPDIVO SINJ 100MG (1VLX10ML) TR	F07								75105					
ABO	Europe	TURKEY	TR	BIOLOGICS	YERVOY	1609	1336630	YERVOY SINJ 50MG (1VLX10ML) TR	F12		11-03-2025	01-12-2026	11/28/2025	297			329	70	10		2300	
ABO	Europe	TURKEY	TR	BIOLOGICS	YERVOY	1609	1336696	YERVOY SINJ 200MG (1VLX40ML) TR	F12		12-01-2025	12-08-2025	12-05-2025	53			204	7	1		154	
ABO	Europe	TURKEY	TR	BIOLOGICS	VIDAZA	1609	1431265	VIDAZA LINJ 100MG (1VL) TR	F06		10/27/2025	01-12-2026	01-09-2026	3274			0	77	11			
ABO	Europe	TURKEY	TR	PHARMA	IMNOVID	1609	1431375	IMNOVID CAP 1MG (3BLPX7) TR	F06		10/27/2025	01-12-2026	01-09-2026	28			0	77	11			
ABO	Europe	TURKEY	TR	PHARMA	IMNOVID	1609	1431431	IMNOVID CAP 4MG (3BLPX7) TR	F06		10/27/2025	01-12-2026	01-09-2026	311			0	77	11			
ABO	Europe	TURKEY	TR	PHARMA	IMNOVID	1609	1431459	IMNOVID CAP 2MG (3BLPX7) TR	F06		10/27/2025	01-12-2026	01-09-2026	68			0	77	11			
ABO	Europe	TURKEY	TR	PHARMA	IMNOVID	1609	1431467	IMNOVID CAP 3MG (3BLPX7) TR	F06		10/27/2025	01-12-2026	01-09-2026	159			0	77	11			
ABO	Europe	TURKEY	TR	PHARMA	THALIDOMIDE CELGENE	1609	1431526	THALIDOMIDE CELGENE CAP 50MG 2BLPX14 TR	BE7		10/27/2025	01-12-2026	01-09-2026	366			0	77	11			
ABO	Europe	TURKEY	TR	PHARMA	REVLIMID	1609	1431551	REVLIMID CAP 10MG (3BLPX7) TR	F02	11/14/2025	10/27/2025	01-12-2026	01-09-2026	1759			0	77	11			
ABO	Europe	TURKEY	TR	PHARMA	REVLIMID	1609	1431765	REVLIMID CAP 25MG (3BLPX7) TR	F02	10/31/2025	10/27/2025	01-12-2026	01-09-2026	723			0	77	11			
ABO	Europe	TURKEY	TR	PHARMA	REVLIMID	1609	1431795	REVLIMID CAP 5MG (3BLPX7) TR	F02	10/16/2025	10/27/2025	01-12-2026	01-09-2026	386			0	77	11			
ABO	Europe	TURKEY	TR	PHARMA	REVLIMID	1609	1431805	REVLIMID CAP 15MG (3BLPX7) TR	F02	12-12-2025	10/27/2025	01-12-2026	01-09-2026	546			0	77	11			
BO	Europe	TURKEY	TR	PHARMA	ONUREG	1609	1448165	ONUREG TAB 200MG (1BLPX7) TR	F15	10/31/2025	10-06-2025	12-01-2025			3	56	-3					3
LS	Asia Pacific	TAIWAN	TW	PHARMA	BARACLUDE	1725	1191806	BARACLUDE TAB 0.5MG (3BLPX10) TW	F05	11-04-2024							145900				39206	
LS	North America	USA	US	PHARMA	KENALOG	1007, 1651	1131270	KENALOG SINJ 40MG/ML (1VLX1ML) US	F06	10/31/2025							192425				69497	
BO	North America	USA	US	PHARMA	KENALOG	1007, 1651	1131271	KENALOG SINJ 40MG/ML (1VLX5ML) US	F06	11-07-2025	09-08-2025	01-05-2026	1/16/2026		18492	119	-18492				18793	18492
BO	North America	USA	US	PHARMA	KENALOG	1007, 1651	1131273	KENALOG SINJ 10MG/ML (1VLX5ML) US	F06	10/31/2025	09-08-2025	11-03-2025	1/16/2026		67111	56	-67111				73348	67111
BO	North America	USA	US	PHARMA	REYATAZ	1007, 1651	1243555	REYATAZ PED PWD 50MG (30X1.5G SACH) US	F06,F14		10/13/2025	01-05-2026	1/16/2026		553	84	-553				411	553
ABO	North America	USA	US	PHARMA	AZACTAM	1007, 1651	1265844	AZACTAM PINJ 2G (10VL) 15ML ABC US	F14		11-10-2025	01-12-2026	01-02-2026	1604			1825	63	9		1015	
ABO	North America	USA	US	BIOLOGICS	ORENCIA	1007, 1762	1277306	ORENCIA SC SINJ125MG1SYRX1MLSSI/FESMPLUS	F08		12-01-2025	01-12-2026	01-09-2026	111			1195	42	6		78	
LS	North America	USA	US	BIOLOGICS	ORENCIA	1007, 1762	1340844	ORENCIA CLICKJECT125MG/ML1AIJX1ML SMP US	F08								12500				3720	
LS	North America	USA	US	PHARMA	REVLIMID	2014, 2015	1424858	REVLIMID CAP 5MG (1BTLX28) US	F02								2325				2490	
ABO	North America	USA	US	PHARMA	SOTYKTU	1007, 1762	1426852	SOTYKTU TAB 6MG 1BLPX30 SMP US	F08	9/23/2025	01-05-2026	01-12-2026	01-09-2026	363			11459	7	1		4319	
ABO	North America	USA	US	PHARMA	REVLIMID	2014, 2015	1428611	REVLIMID CAP 10MG (1BTLX28) US	F02	10/17/2025	10/27/2025	11-03-2025	10/31/2025	455			676	7	1		5315	
ABO	North America	USA	US	PHARMA	IDHIFA	2014, 2015	1428614	IDHIFA TAB 50MG (1BTLX30) US	BR6		11-03-2025	11/17/2025	11/14/2025	38			600	14	2		148	
LS	North America	USA	US	PHARMA	REVLIMID	2014, 2015	1428618	REVLIMID CAP 15MG (1BTLX100) US	F02								65				63	
LS	North America	USA	US	BIOLOGICS	VIDAZA	2016, 2017	1428623	VIDAZA LINJ 100MG (1VL) US	F06								2261				1292	
LS	North America	USA	US	PHARMA	POMALYST	2014, 2015	1428643	POMALYST CAP 2MG (1BTLX100) US	F06								200				51	
LS	North America	USA	US	BIOLOGICS	ISTODAX	2014, 2015	1428645	ISTODAX LINJ 10MG 1VL W/2ML DIL US	F10								1332				886	
LS	North America	USA	US	PHARMA	ELIQUIS	1007	1462863	ELIQUIS CAP 0.15MG (1BTLX28) PED US	3U2								8					
ABO	North America	USA	US	PHARMA	ELIQUIS	1007, 1651	1480379	ELIQUIS TAB 2.5MG 1BTLX60 US	3U2		10/27/2025	01-12-2026		121324			0	77	11			
ABO	North America	USA	US	PHARMA	ELIQUIS	1007, 1651	1480392	ELIQUIS TAB 2.5MG 10BLPX10 HUD US	3U2		10/27/2025	01-12-2026		1174			0	77	11			
ABO	North America	USA	US	PHARMA	ELIQUIS	1007, 1651	1480544	ELIQUIS TAB 5MG 10BLPX10 HUD US	3U2		10/27/2025	01-12-2026		3464			0	77	11			
ABO	North America	USA	US	PHARMA	ELIQUIS	1007, 1651	1480546	ELIQUIS STARTER PACK 5MG TAB US	3U2		10/27/2025	01-12-2026		8728			0	77	11			
